id,name,model_id,group_id/id,operation,domain
rule_course_wide,Course: institution-wide roles,inom.course,inom_base.group_inom_registrar,crud,
rule_course_wide_1,Course: institution-wide roles,inom.course,inom_base.group_inom_dean,cru,
rule_course_wide_2,Course: institution-wide roles,inom.course,inom_base.group_inom_hod,cru,
rule_course_own,Course: own courses,inom.course,inom_base.group_inom_faculty,cru,"['|', ('faculty_id.user_id', '=', user.id), ('published', '=', True)]"
rule_course_student,Course: published courses only,inom.course,inom_base.group_inom_student,r,"[('published', '=', True)]"
rule_course_student_1,Course: published courses only,inom.course,inom_base.group_inom_guardian,r,"[('published', '=', True)]"
access_inom_course_technical,inom.course.technical,inom.course,inom_base.group_inom_technical,crud,
rule_course_company,Course: campus scope,inom.course,,crud,"[('company_id', 'in', company_ids)]"
rule_lesson_staff,Lesson: staff scope,inom.lesson,inom_base.group_inom_registrar,crud,
rule_lesson_staff_1,Lesson: staff scope,inom.lesson,inom_base.group_inom_dean,crud,
rule_lesson_staff_2,Lesson: staff scope,inom.lesson,inom_base.group_inom_faculty,crud,
rule_lesson_published,Lesson: published courses only,inom.lesson,inom_base.group_inom_student,r,"[('course_id.published', '=', True)]"
access_inom_lesson_technical,inom.lesson.technical,inom.lesson,inom_base.group_inom_technical,crud,
rule_assignment_staff,Assignment: staff scope,inom.assignment,inom_base.group_inom_registrar,crud,
rule_assignment_staff_1,Assignment: staff scope,inom.assignment,inom_base.group_inom_dean,cru,
rule_assignment_staff_2,Assignment: staff scope,inom.assignment,inom_base.group_inom_faculty,crud,
rule_assignment_published,Assignment: published courses only,inom.assignment,inom_base.group_inom_student,r,"[('course_id.published', '=', True)]"
rule_assignment_published_1,Assignment: published courses only,inom.assignment,inom_base.group_inom_guardian,r,"[('course_id.published', '=', True)]"
access_inom_assignment_technical,inom.assignment.technical,inom.assignment,inom_base.group_inom_technical,crud,
rule_submission_wide,Submission: institution-wide roles,inom.submission,inom_base.group_inom_registrar,crud,
rule_submission_wide_1,Submission: institution-wide roles,inom.submission,inom_base.group_inom_dean,cru,
rule_submission_wide_2,Submission: institution-wide roles,inom.submission,inom_base.group_inom_hod,cru,
rule_submission_faculty,Submission: own assignments,inom.submission,inom_base.group_inom_faculty,cru,"[('assignment_id.faculty_id.user_id', '=', user.id)]"
rule_submission_student,Submission: own work only,inom.submission,inom_base.group_inom_student,cru,"[('student_id.user_id', '=', user.id)]"
rule_submission_guardian,Submission: guardian sees every ward,inom.submission,inom_base.group_inom_guardian,r,"[('student_id.guardian_ids.user_id', '=', user.id)]"
access_inom_submission_technical,inom.submission.technical,inom.submission,inom_base.group_inom_technical,crud,
rule_submission_company,Submission: campus scope,inom.submission,,crud,"[('company_id', 'in', company_ids)]"
